{
    "0.05": {
        "0": [
            0.5333333333333333
        ],
        "1": [
            0.5333333333333333,
            0.55
        ],
        "2": [
            0.55,
            0.625
        ],
        "3": [
            0.625,
            0.65
        ],
        "4": [
            0.65,
            0.6583333333333333
        ],
        "5": [
            0.6583333333333333,
            0.65
        ],
        "6": [
            0.65,
            0.65
        ],
        "7": [
            0.65,
            0.65
        ],
        "8": [
            0.65,
            0.625
        ],
        "9": [
            0.625,
            0.6833333333333333
        ],
        "10": [
            0.6833333333333333,
            0.6833333333333333
        ],
        "11": [
            0.6833333333333333,
            0.6416666666666667
        ],
        "12": [
            0.6416666666666667,
            0.5916666666666667
        ],
        "13": [
            0.5916666666666667,
            0.6416666666666667
        ],
        "14": [
            0.6416666666666667,
            0.5916666666666667
        ],
        "15": [
            0.5916666666666667,
            0.5916666666666667
        ],
        "16": [
            0.5916666666666667,
            0.7083333333333334
        ],
        "17": [
            0.7083333333333334,
            0.7083333333333334
        ],
        "18": [
            0.7083333333333334,
            0.675
        ],
        "19": [
            0.675,
            0.6416666666666667
        ],
        "20": [
            0.6416666666666667,
            0.6
        ],
        "21": [
            0.6,
            0.6166666666666667
        ],
        "22": [
            0.6166666666666667,
            0.5333333333333333
        ],
        "23": [
            0.5333333333333333,
            0.6416666666666667
        ],
        "24": [
            0.6416666666666667,
            0.6833333333333333
        ],
        "25": [
            0.6833333333333333,
            0.6666666666666666
        ],
        "26": [
            0.6666666666666666,
            0.6833333333333333
        ],
        "27": [
            0.6833333333333333,
            0.6666666666666666
        ],
        "28": [
            0.6666666666666666,
            0.6583333333333333
        ],
        "29": [
            0.6583333333333333,
            0.65
        ],
        "30": [
            0.65,
            0.6666666666666666
        ],
        "31": [
            0.6666666666666666,
            0.7
        ],
        "32": [
            0.7,
            0.6833333333333333
        ],
        "33": [
            0.6833333333333333,
            0.6916666666666667
        ],
        "34": [
            0.6916666666666667,
            0.6583333333333333
        ],
        "35": [
            0.6583333333333333,
            0.6666666666666666
        ],
        "36": [
            0.6666666666666666,
            0.6416666666666667
        ],
        "37": [
            0.6416666666666667,
            0.65
        ],
        "38": [
            0.65,
            0.625
        ],
        "39": [
            0.625,
            0.625
        ],
        "40": [
            0.625,
            0.65
        ],
        "41": [
            0.65
        ]
    }
}